{
  "validation": {
    "accuracy": 0.9118541033434651,
    "macro_f1": 0.9225946200168067
  },
  "test": {
    "accuracy": 0.9164133738601824,
    "macro_f1": 0.9272186870846221
  },
  "golden_event_only": {
    "accuracy": 0.8714285714285714,
    "macro_f1": 0.8826057780603236
  }
}